S.No.,Indicators,Total number of pregnant women Registered for ANC - 2013-14,Total number of pregnant women Registered for ANC - 2012-13,Number of Pregnant women registered within first trimester - 2013-14,Number of Pregnant women registered within first trimester - 2012-13,Number of Women registered under JSY - 2013-14,Number of Women registered under JSY - 2012-13,% 1st Trimester registration to Total ANC Registrations - 2013-14,% 1st Trimester registration to Total ANC Registrations - 2012-13,% JSY registration to Total ANC Registration - 2013-14,% JSY registration to Total ANC Registration - 2012-13,Number of pregnant women received 3 ANC check ups - 2013-14,Number of pregnant women received 3 ANC check ups - 2012-13,TT2 or Booster given to Pregnant women (numbers) - 2013-14,TT2 or Booster given to Pregnant women (numbers) - 2012-13,% Pregnant Woman received 3 ANC check ups to Total ANC Registrations - 2013-14,% Pregnant Woman received 3 ANC check ups to Total ANC Registrations - 2012-13,% Pregnant women received TT2 or Booster to Total ANC Registration - 2013-14,% Pregnant women received TT2 or Booster to Total ANC Registration - 2012-13,Number of Pregnant women given 100 IFA tablets - 2013-14,Number of Pregnant women given 100 IFA tablets - 2012-13,% Pregnant women given 100 IFA to Total ANC Registration - 2013-14,% Pregnant women given 100 IFA to Total ANC Registration - 2012-13,Number having Hb level<11 (tested cases) - 2013-14,Number having Hb level<11 (tested cases) - 2012-13,Number having severe anaemia (Hb<7) treated at institution - 2013-14,Number having severe anaemia (Hb<7) treated at institution - 2012-13,% Pregnant women having severe anaemia (Hb<7) treated at institution to women having hb level<11 - 2013-14,% Pregnant women having severe anaemia (Hb<7) treated at institution to women having hb level<11 - 2012-13,% New cases detected at institution for hypertension to Total ANC Registrations - 2013-14,% New cases detected at institution for hypertension to Total ANC Registrations - 2012-13,Number of Home deliveries - 2013-14,Number of Home deliveries - 2012-13,Number of home deliveries attended by SBA trained (Doctor/Nurse/ANM) - 2013-14,Number of home deliveries attended by SBA trained (Doctor/Nurse/ANM) - 2012-13,Number of home deliveries attended by Non SBA trained (trained TB/Dai) - 2013-14,Number of home deliveries attended by Non SBA trained (trained TB/Dai) - 2012-13,% SBA attended home deliveries to Total Reported Home Deliveries - 2013-14,% SBA attended home deliveries to Total Reported Home Deliveries - 2012-13,Mothers paid JSY incentive for home deliveries - 2013-14,Mothers paid JSY incentive for home deliveries - 2012-13,% Mothers paid JSY incentive for home deliveries to Total Reported Home Deliveries - 2013-14,% Mothers paid JSY incentive for home deliveries to Total Reported Home Deliveries - 2012-13,Deliveries Conducted at Public Institutions - 2013-14,Deliveries Conducted at Public Institutions - 2012-13,Number of Women Discharged under 48 hours of delivery in public facilities - 2013-14,Number of Women Discharged under 48 hours of delivery in public facilities - 2012-13,% Women discharged in less than 48 hours of delivery to Total Reported Deliveries at public institutions - 2013-14,% Women discharged in less than 48 hours of delivery to Total Reported Deliveries at public institutions - 2012-13,Institutional deliveries (Public Insts.+Pvt. Insts.) - 2013-14,Institutional deliveries (Public Insts.+Pvt. Insts.) - 2012-13,% Institutional Deliveries to total ANC registration - 2013-14,% Institutional Deliveries to total ANC registration - 2012-13,Total reported deliveries - 2013-14,Total reported deliveries - 2012-13,% Institutional deliveries to Total Reported Deliveries - 2013-14,% Institutional deliveries to Total Reported Deliveries - 2012-13,% Safe deliveries to Total Reported Deliveries - 2013-14,% Safe deliveries to Total Reported Deliveries - 2012-13,% Home deliveries to Total Reported Deliveries - 2013-14,% Home deliveries to Total Reported Deliveries - 2012-13,Number of C-section deliveries conducted at public facilities - 2013-14,Number of C-section deliveries conducted at public facilities - 2012-13,Number of C-section deliveries conducted at private facilities - 2013-14,Number of C-section deliveries conducted at private facilities - 2012-13,% C-section deliveries (Public + Pvt.) to reported institutional (Public + Pvt.) deliveries - 2013-14,% C-section deliveries (Public + Pvt.) to reported institutional (Public + Pvt.) deliveries - 2012-13,% C-sections conducted at public facilities to Deliveries conducted at public facilities - 2013-14,% C-sections conducted at public facilities to Deliveries conducted at public facilities - 2012-13,% C-sections conducted at Private facilities to Deliveries conducted at private facilities - 2013-14,% C-sections conducted at Private facilities to Deliveries conducted at private facilities - 2012-13,% Deliveries conducted at Public Institutions to Total Institutional Deliveries - 2013-14,% Deliveries conducted at Public Institutions to Total Institutional Deliveries - 2012-13,% Mothers paid JSY Incentive for Delivery at Public institution to Total Public Deliveries - 2013-14,% Mothers paid JSY Incentive for Delivery at Public institution to Total Public Deliveries - 2012-13,% of cases where JSY Incentive paid to ASHA for Delivery at Public institution to Total Public Deliveries - 2013-14,% of cases where JSY Incentive paid to ASHA for Delivery at Public institution to Total Public Deliveries - 2012-13,% Deliveries conducted at Private Institutions to Total Institutional Deliveries - 2013-14,% Deliveries conducted at Private Institutions to Total Institutional Deliveries - 2012-13,Women received post partum check-up within 48 hours of delivery - 2013-14,Women received post partum check-up within 48 hours of delivery - 2012-13,Post - Natal Care / Women got a post partum check up between 48 hours and 14 days - 2013-14,Post - Natal Care / Women got a post partum check up between 48 hours and 14 days - 2012-13,% Women receiving post partum check-up within 48 hours of delivery to Total Reported Deliveries - 2013-14,% Women receiving post partum check-up within 48 hours of delivery to Total Reported Deliveries - 2012-13,% Women getting Post Partum Checkup between 48 hours and 14 days to Total Deliveries - 2013-14,% Women getting Post Partum Checkup between 48 hours and 14 days to Total Deliveries - 2012-13,Total Number of reported live births - 2013-14,Total Number of reported live births - 2012-13,% Total Reported Live Births to Total Deliveries - 2013-14,% Total Reported Live Births to Total Deliveries - 2012-13,Total Number of reported Still Births - 2013-14,Total Number of reported Still Births - 2012-13,% live birth to Reported Birth - 2013-14,% live birth to Reported Birth - 2012-13,Number of Newborns weighed at birth - 2013-14,Number of Newborns weighed at birth - 2012-13,% Newborns weighed at birth to live birth - 2013-14,% Newborns weighed at birth to live birth - 2012-13,Number of Newborns having weight less than 2.5 kg - 2013-14,Number of Newborns having weight less than 2.5 kg - 2012-13,% Newborns having weight less than 2.5 kg to Newborns weighed at birth - 2013-14,% Newborns having weight less than 2.5 kg to Newborns weighed at birth - 2012-13,Number of New Borns Breast Fed within 1 hour - 2013-14,Number of New Borns Breast Fed within 1 hour - 2012-13,% Newborns breast fed within 1 hour of birth to Total live birth - 2013-14,% Newborns breast fed within 1 hour of birth to Total live birth - 2012-13,Number of New Borns visited within 24 hrs of Home Delivery - 2013-14,Number of New Borns visited within 24 hrs of Home Delivery - 2012-13,% newborns visited within 24hrs of home delivery to total reported home deliveries - 2013-14,% newborns visited within 24hrs of home delivery to total reported home deliveries - 2012-13,Sex Ratio at birth ( Female Live Bitrths/ Male Births *1000) - 2013-14,Sex Ratio at birth ( Female Live Bitrths/ Male Births *1000) - 2012-13,% cases of Pregnant women with Obstetric Complications and attended to reported deliveries - 2013-14,% cases of Pregnant women with Obstetric Complications and attended to reported deliveries - 2012-13,% Complicated Pregnancies treated with IV antihypertensive/Magsulph injection to Total  Women with Obstetric Complications attended - 2013-14,% Complicated Pregnancies treated with IV antihypertensive/Magsulph injection to Total  Women with Obstetric Complications attended - 2012-13,% Complicated Pregnancies treated with IV antihypertensive/Magsulph injection to Total New cases detected with Hypertension - 2013-14,% Complicated Pregnancies treated with IV antihypertensive/Magsulph injection to Total New cases detected with Hypertension - 2012-13,% Complicated Pregnancies treated with Blood Transfusion to Total Women with Obstetric Complications attended - 2013-14,% Complicated Pregnancies treated with Blood Transfusion to Total Women with Obstetric Complications attended - 2012-13,% Post - Natal Care / PNC maternal complications attended to Total Deliveries - 2013-14,% Post - Natal Care / PNC maternal complications attended to Total Deliveries - 2012-13,Total Number of Abortions ( Spontaneous/ Induced) Reported - 2013-14,Total Number of Abortions ( Spontaneous/ Induced) Reported - 2012-13,Total Number of MTPs ( Public) reported - 2013-14,Total Number of MTPs ( Public) reported - 2012-13,% MTPs (Public) to Abortions - 2013-14,% MTPs (Public) to Abortions - 2012-13,% MTPs up to 12 weeks of Pregnancy to Total MTPs at Public Institutions - 2013-14,% MTPs up to 12 weeks of Pregnancy to Total MTPs at Public Institutions - 2012-13,% MTPs more than 12 weeks of Pregnancy to Total MTPs at Public Institutions - 2013-14,% MTPs more than 12 weeks of Pregnancy to Total MTPs at Public Institutions - 2012-13,% MTPs Conducted at Public Institutions to Total MTPs - 2013-14,% MTPs Conducted at Public Institutions to Total MTPs - 2012-13,% MTPs Conducted at Private Institutions to Total MTPs - 2013-14,% MTPs Conducted at Private Institutions to Total MTPs - 2012-13,% Total MTPs (Public) Conducted to Total ANC Registration - 2013-14,% Total MTPs (Public) Conducted to Total ANC Registration - 2012-13,% Number of Wet Mount Tests conducted to Number of new RTI/ STI female cases for which treatment initiated - 2013-14,% Number of Wet Mount Tests conducted to Number of new RTI/ STI female cases for which treatment initiated - 2012-13,Number of Vasectomies Conducted (Public + Pvt.) - 2013-14,Number of Vasectomies Conducted (Public + Pvt.) - 2012-13,Number of Tubectomies Conducted (Public + Pvt.) - 2013-14,Number of Tubectomies Conducted (Public + Pvt.) - 2012-13,Total Sterilisation Conducted - 2013-14,Total Sterilisation Conducted - 2012-13,% Male Sterlisation (Vasectomies) to Total sterilisation - 2013-14,% Male Sterlisation (Vasectomies) to Total sterilisation - 2012-13,% Tubectomies to Total sterilisation - 2013-14,% Tubectomies to Total sterilisation - 2012-13,Total Sterlisation (Tubectomies and Vasectomies) conducted at PHC - 2013-14,Total Sterlisation (Tubectomies and Vasectomies) conducted at PHC - 2012-13,Total Sterlisation (Tubectomies and Vasectomies) conducted at CHC - 2013-14,Total Sterlisation (Tubectomies and Vasectomies) conducted at CHC - 2012-13,Total Sterlisation (Tubectomies and Vasectomies) conducted at SDH/DH - 2013-14,Total Sterlisation (Tubectomies and Vasectomies) conducted at SDH/DH - 2012-13,Total Sterlisation (Tubectomies and Vasectomies) conducted at Other public Institutions - 2013-14,Total Sterlisation (Tubectomies and Vasectomies) conducted at Other public Institutions - 2012-13,Total Sterlisation (Tubectomies and Vasectomies) conducted at Private institutions - 2013-14,Total Sterlisation (Tubectomies and Vasectomies) conducted at Private institutions - 2012-13,% Total Sterilisation (Tubectomies and Vasectomies) conducted at PHC to Total Sterlisation - 2013-14,% Total Sterilisation (Tubectomies and Vasectomies) conducted at PHC to Total Sterlisation - 2012-13,% Total Sterilisation (Tubectomies and Vasectomies) conducted at CHC to Total Sterlisation - 2013-14,% Total Sterilisation (Tubectomies and Vasectomies) conducted at CHC to Total Sterlisation - 2012-13,% Total Sterilisation (Tubectomies and Vasectomies) conducted at SDH/DH to Total Sterlisation - 2013-14,% Total Sterilisation (Tubectomies and Vasectomies) conducted at SDH/DH to Total Sterlisation - 2012-13,% Total Sterilisation (Tubectomies and Vasectomies) conducted at Other public Institutions to Total Sterlisation - 2013-14,% Total Sterilisation (Tubectomies and Vasectomies) conducted at Other public Institutions to Total Sterlisation - 2012-13,% Total Sterilisation (Tubectomies and Vasectomies) conducted at Private institutions to Total Sterlisation - 2013-14,% Total Sterilisation (Tubectomies and Vasectomies) conducted at Private institutions to Total Sterlisation - 2012-13,% Laparoscopic sterlisations to Total Female Sterilisations - 2013-14,% Laparoscopic sterlisations to Total Female Sterilisations - 2012-13,% Mini Lap Sterlisations to Total Female Sterilisations - 2013-14,% Mini Lap Sterlisations to Total Female Sterilisations - 2012-13,% Post Partum Sterlisations to Total Female Sterilisations - 2013-14,% Post Partum Sterlisations to Total Female Sterilisations - 2012-13,% Laparoscopic sterlisations at Public Institutions to Total Laparoscopic Sterilisations - 2013-14,% Laparoscopic sterlisations at Public Institutions to Total Laparoscopic Sterilisations - 2012-13,% Mini Lap sterlisations at Public Institutions to Total Mini Lap Sterilisations - 2013-14,% Mini Lap sterlisations at Public Institutions to Total Mini Lap Sterilisations - 2012-13,% Post Partum sterlisations at Public Institutions to Total Post Partum Sterilisation - 2013-14,% Post Partum sterlisations at Public Institutions to Total Post Partum Sterilisation - 2012-13,Total cases of deaths following Sterlisation ( Male + Female) - 2013-14,Total cases of deaths following Sterlisation ( Male + Female) - 2012-13,IUCD Insertions done (public facilities) - 2013-14,IUCD Insertions done (public facilities) - 2012-13,IUCD insertions done (pvt. facilities) - 2013-14,IUCD insertions done (pvt. facilities) - 2012-13,Total IUCD Insertions done(public+private) - 2013-14,Total IUCD Insertions done(public+private) - 2012-13,PP IUCD Insertions done (public facilities) - 2013-14,PP IUCD Insertions done (public facilities) - 2012-13,% PP IUCD Insertions (public) to Total IUCD Insertions (public) - 2013-14,% PP IUCD Insertions (public) to Total IUCD Insertions (public) - 2012-13,% PP IUCD Insertions (public) to Total Institutional Deliveries (public) - 2013-14,% PP IUCD Insertions (public) to Total Institutional Deliveries (public) - 2012-13,% IUCD insertions in public plus private institutions to all family planning methods ( IUCD plus permanent) - 2013-14,% IUCD insertions in public plus private institutions to all family planning methods ( IUCD plus permanent) - 2012-13,Oral Pills distributed - 2013-14,Oral Pills distributed - 2012-13,Condom pieces distributed - 2013-14,Condom pieces distributed - 2012-13,Centchroman Pills distributed - 2013-14,Centchroman Pills distributed - 2012-13,Number of Infants given OPV 0 (Birth Dose) - 2013-14,Number of Infants given OPV 0 (Birth Dose) - 2012-13,Number of Infants given BCG - 2013-14,Number of Infants given BCG - 2012-13,% Newborns given OPV0 at birth to Reported live birth - 2013-14,% Newborns given OPV0 at birth to Reported live birth - 2012-13,% Newborns given BCG to Reported live birth - 2013-14,% Newborns given BCG to Reported live birth - 2012-13,Number of Infants given DPT1 - 2013-14,Number of Infants given DPT1 - 2012-13,Number of Infants given DPT2 - 2013-14,Number of Infants given DPT2 - 2012-13,Number of Infants given DPT3 - 2013-14,Number of Infants given DPT3 - 2012-13,Number of Infants given Pentavalent 1 - 2013-14,Number of Infants given Pentavalent 1 - 2012-13,Number of Infants given Pentavalent 2 - 2013-14,Number of Infants given Pentavalent 2 - 2012-13,Number of Infants given Pentavalent 3 - 2013-14,Number of Infants given Pentavalent 3 - 2012-13,Number of Infants given Measles - 2013-14,Number of Infants given Measles - 2012-13,% Infants 0 to 11 months old who received Measles vaccine to reported live births - 2013-14,% Infants 0 to 11 months old who received Measles vaccine to reported live births - 2012-13,Number of fully immunized children (9-11 months) - 2013-14,Number of fully immunized children (9-11 months) - 2012-13,% Drop Out between BCG & Measles - 2013-14,% Drop Out between BCG & Measles - 2012-13,Vitamin - A dose 1 - 2013-14,Vitamin - A dose 1 - 2012-13,% Children given Vit A dose1 to Reported live birth - 2013-14,% Children given Vit A dose1 to Reported live birth - 2012-13,% Children given Vitamin A Dose 9 to Children given Vit A dose1 - 2013-14,% Children given Vitamin A Dose 9 to Children given Vit A dose1 - 2012-13,Adverse Events Following Imunisation (Others) - 2013-14,Adverse Events Following Imunisation (Others) - 2012-13,% immunisation Sessions Held to Immunisation Sessions Planned - 2013-14,% immunisation Sessions Held to Immunisation Sessions Planned - 2012-13,% Immunisation Sessions where ASHAs were present to Immunisation Sessions Planned - 2013-14,% Immunisation Sessions where ASHAs were present to Immunisation Sessions Planned - 2012-13,% Diptheria in Children 0-5 Years of Age to Total Reported Childhood Diseases 0-5 Years - 2013-14,% Diptheria in Children 0-5 Years of Age to Total Reported Childhood Diseases 0-5 Years - 2012-13,% Pertusis in Children 0-5 Years of Age to Total Reported Childhood Diseases 0-5 Years - 2013-14,% Pertusis in Children 0-5 Years of Age to Total Reported Childhood Diseases 0-5 Years - 2012-13,% Tetanus Neonatorum in Children 0-5 Years of Age to Total Reported Childhood Diseases 0-5 Years - 2013-14,% Tetanus Neonatorum in Children 0-5 Years of Age to Total Reported Childhood Diseases 0-5 Years - 2012-13,% Tetanus Others in Children 0-5 Years of Age to Total Reported Childhood Diseases 0-5 Years - 2013-14,% Tetanus Others in Children 0-5 Years of Age to Total Reported Childhood Diseases 0-5 Years - 2012-13,% Polio in Children 0-5 Years of Age to Total Reported Childhood Diseases 0-5 Years - 2013-14,% Polio in Children 0-5 Years of Age to Total Reported Childhood Diseases 0-5 Years - 2012-13,% Measles in Children 0-5 Years of Age to Total Reported Childhood Diseases 0-5 Years - 2013-14,% Measles in Children 0-5 Years of Age to Total Reported Childhood Diseases 0-5 Years - 2012-13,% Diarrhoea and dehydration in Children 0-5 Years of Age to Total Reported Childhood Diseases 0-5 Years - 2013-14,% Diarrhoea and dehydration in Children 0-5 Years of Age to Total Reported Childhood Diseases 0-5 Years - 2012-13,% Malaria in Children 0-5 Years of Age to Total Reported Childhood Diseases 0-5 Years - 2013-14,% Malaria in Children 0-5 Years of Age to Total Reported Childhood Diseases 0-5 Years - 2012-13,% Adult Female Inpatients to Total Adult Inpatient - 2013-14,% Adult Female Inpatients to Total Adult Inpatient - 2012-13,% Children Inpatient to Total Inpatient - 2013-14,% Children Inpatient to Total Inpatient - 2012-13,% Female Inpatient Deaths to Total Inpatient Deaths - 2013-14,% Female Inpatient Deaths to Total Inpatient Deaths - 2012-13,% Inpatient Deaths to Total IPD - 2013-14,% Inpatient Deaths to Total IPD - 2012-13,IPD (Number) - 2013-14,IPD (Number) - 2012-13,OPD (Number) - 2013-14,OPD (Number) - 2012-13,% IPD to OPD - 2013-14,% IPD to OPD - 2012-13,Number of Major Operations - 2013-14,Number of Major Operations - 2012-13,Number of Minor Operations - 2013-14,Number of Minor Operations - 2012-13,% Major Operations to Total Operation - 2013-14,% Major Operations to Total Operation - 2012-13,Number of Hysterectomy Surgeries - 2013-14,Number of Hysterectomy Surgeries - 2012-13,% Hysterectomy Surgeries to Total Major Operations - 2013-14,% Hysterectomy Surgeries to Total Major Operations - 2012-13,Ayush OPD (Number) - 2013-14,Ayush OPD (Number) - 2012-13,% AYUSH OPD to Total OPD - 2013-14,% AYUSH OPD to Total OPD - 2012-13,Dental OPD (Number) - 2013-14,Dental OPD (Number) - 2012-13,% Dental OPD to Total OPD - 2013-14,% Dental OPD to Total OPD - 2012-13,Adolescent counselled (Number) - 2013-14,Adolescent counselled (Number) - 2012-13,% Hb < 7 mg to Total Hb Tests Conducted - 2013-14,% Hb < 7 mg to Total Hb Tests Conducted - 2012-13,% Male HIV Positive to Total Males Tested - 2013-14,% Male HIV Positive to Total Males Tested - 2012-13,% Female HIV Positive to Total Females Tested - 2013-14,% Female HIV Positive to Total Females Tested - 2012-13,% Total HIV Positive to Total Tested ( Male + Female) - 2013-14,% Total HIV Positive to Total Tested ( Male + Female) - 2012-13,% Plasmodium Vivax test positive to Total Blood Smears Examined - 2013-14,% Plasmodium Vivax test positive to Total Blood Smears Examined - 2012-13,% Plasmodium Falciparum test positive to Total Blood Smears Examined - 2013-14,% Plasmodium Falciparum test positive to Total Blood Smears Examined - 2012-13,Total Number of Infant Deaths reported - 2013-14,Total Number of Infant Deaths reported - 2012-13,% Deaths due to Sepsis to Total Reported Infant Deaths - 2013-14,% Deaths due to Sepsis to Total Reported Infant Deaths - 2012-13,% Deaths due to Asphyxia to Total Reported Infant Deaths - 2013-14,% Deaths due to Asphyxia to Total Reported Infant Deaths - 2012-13,% Deaths due to LBW to Total Reported Infant Deaths - 2013-14,% Deaths due to LBW to Total Reported Infant Deaths - 2012-13,% Deaths due to Pneumonia to Total Reported Infant Deaths - 2013-14,% Deaths due to Pneumonia to Total Reported Infant Deaths - 2012-13,% Deaths due to Diarrhoea to Total Reported Infant Deaths - 2013-14,% Deaths due to Diarrhoea to Total Reported Infant Deaths - 2012-13,% Deaths due to Fever to Total Reported Infant Deaths - 2013-14,% Deaths due to Fever to Total Reported Infant Deaths - 2012-13,% Deaths due to Measles to Total Reported Infant Deaths - 2013-14,% Deaths due to Measles to Total Reported Infant Deaths - 2012-13,% Deaths due to Other Causes to Total Reported Infant Deaths - 2013-14,% Deaths due to Other Causes to Total Reported Infant Deaths - 2012-13
Total,_Punjab,"482,522","489,106","335,617","334,694","184,599","162,690",69.6,68.4,38.3,33.3,"437,613","439,218","436,374","430,457",90.7,89.8,90.4,88,"436,907","328,999",90.5,67.3,"335,372","327,806","2,526","2,579",0.8,0.8,2.1,2.4,"56,811","73,707","17,077","23,594","39,734","50,113",30.1,32,"10,980","11,030",19.3,15,"186,143","167,712","132,650","139,071",71.3,82.9,"363,179","349,411",75.3,71.4,"419,990","423,118",86.5,82.6,90.5,88.2,13.5,17.4,"40,033","32,445","59,657","53,561",27.4,24.6,21.5,19.3,33.7,29.5,51.3,48,42.5,37.3,1.1,1,48.7,52,"272,342","258,089","208,370","189,450",64.8,61,49.6,44.8,"411,684","419,139",98,99.1,"6,266","6,115",98.5,98.6,"398,881","392,563",96.9,93.7,"27,199","31,971",6.8,8.1,"371,744","370,011",90.3,88.3,"43,195","57,618",76,78.2,890,884,7.3,6.3,4.9,6.2,12.5,11.4,21.8,19.3,0.1,0.1,"18,924","17,308","4,766","4,393",25.2,25.4,95,93.4,5,6.6,33.4,44.7,66.6,55.3,1,0.9,2.8,2.4,"4,010","5,851","60,110","61,690","64,120","67,541",6.3,8.7,93.7,91.3,"5,424","6,352","22,677","25,712","22,553","22,340",NA,NA,381,635,8.5,9.4,35.4,38.1,35.2,33.1,0,0,21,19.5,50.7,46,40.9,48.1,8.5,5.9,71.3,71.9,86.3,87.7,80.9,75.9,0,1,"211,854","222,003","4,486","6,559","216,340","228,562","2,748",0,1.3,0,1.5,0,77.1,77.2,"1,385,005","1,357,250","31,576,425","32,028,086","12,403","11,557","339,969","322,003","455,979","457,457",82.6,76.8,110.8,109.1,"443,001","446,689","433,633","439,271","433,630","437,813",253,0,5,0,5,0,"424,654","428,242",103.2,102.2,"419,593","421,062",6.9,6.4,"403,143","235,960",97.9,56.3,82.5,85.9,"1,509","1,797",96.6,96.9,77.2,78.3,0,0,0,0,0,0,0,0,0,0,0.1,0.5,99.4,98.6,0.4,0.9,65.1,64.7,22.3,20.2,35.8,34.7,0.6,0.7,"824,038","787,700","16,331,061","15,310,208",5,5.1,"110,086","107,036","274,519","288,555",28.6,27.1,"3,762",0,3.4,0,"1,274,516","1,134,574",7.8,7.4,"399,565","380,277",2.4,2.5,"16,940","19,384",4,4.6,2.2,2.7,0.4,0.7,0.8,1.2,0.1,0.1,0,0,"1,820","2,065",3.9,4.1,3.3,5.8,4.2,8.4,6.2,6.1,2.3,1.9,0.7,4.7,0,0,79.4,69.1
1,Amritsar,"42,213","42,112","26,350","24,605","22,856","17,095",62.4,58.4,54.1,40.6,"38,258","38,927","41,159","40,678",90.6,92.4,97.5,96.6,"35,277","19,014",83.6,45.2,"37,957","32,523","1,051",480,2.8,1.5,4.4,5.1,"6,358","8,703",555,766,"5,803","7,937",8.7,8.8,"3,380",891,53.2,10.2,"18,036","15,563","11,865","16,367",65.8,105.2,"34,394","32,714",81.5,77.7,"40,752","41,417",84.4,79,85.8,80.8,15.6,21,"5,159","4,630","4,021","3,662",26.7,25.3,28.6,29.8,24.6,21.4,52.4,47.6,56.3,43.5,0,0,47.6,52.4,"30,089","28,955","16,142","16,989",73.8,69.9,39.6,41,"40,082","40,639",98.4,98.1,"1,011","1,050",97.5,97.5,"40,005","40,351",99.8,99.3,"2,260","1,862",5.6,4.6,"36,913","37,992",92.1,93.5,"4,760","6,153",74.9,70.7,905,868,5.7,7.5,0.2,1.2,0.2,1.4,23.2,10.9,0,0,"1,659","1,294",371,362,22.4,28,100,91.4,0,8.6,99.7,99.5,0.3,0.5,0.9,0.9,0,0,"1,048","1,316","5,078","4,988","6,126","6,304",17.1,20.9,82.9,79.1,"1,660","1,907","1,872","2,030","2,594","2,367",NA,NA,0,0,27.1,30.3,30.6,32.2,42.3,37.5,0,0,0,0,39.6,33.9,46.8,59,13.6,7.1,100,100,100,100,100,100,0,1,"10,668","9,989",42,114,"10,710","10,103",241,0,2.3,0,1.3,0,63.6,61.6,"94,755","87,848","2,042,798","1,898,230",0,0,"33,641","29,475","47,305","46,369",83.9,72.5,118,114.1,"41,893","42,395","40,893","41,386","40,933","40,402",0,NA,0,NA,0,NA,"40,543","39,855",101.2,98.1,"40,145","39,601",14.3,14,"36,641","17,286",91.4,42.5,54.4,52.9,0,1,94.9,93,57.7,57.8,0,0,0,0,0,0,0,0,0,0,0,0,100,100,0,0,76,75.1,12.6,13.8,56.5,36.4,0.1,0.1,"44,263","40,898","1,181,657","1,052,534",3.7,3.9,"9,451","12,313","19,047","16,529",33.2,42.7,33,NA,0.3,0,"91,512","79,295",7.7,7.5,"37,253","38,602",3.2,3.7,0,8,5.6,6.1,3.2,3.5,0.4,0.6,0.8,1.1,0,0,0,0,439,361,0,0,3.6,4.8,2.5,8.8,4.7,9.4,4.7,4.5,0,0,0,0,84.5,72.5
2,Barnala,"8,657","8,849","5,885","6,277","2,322","2,101",68,70.9,26.8,23.7,"7,774","8,245","8,050","8,395",89.8,93.2,93,94.9,"8,078","6,219",93.3,70.3,"5,474","6,444",17,21,0.3,0.3,3,3.6,628,999,489,795,139,204,77.9,79.6,8,38,1.3,3.8,"4,933","4,473","5,772","4,331",117,96.8,"7,944","7,535",91.8,85.2,"8,572","8,534",92.7,88.3,98.4,97.6,7.3,11.7,550,542,428,523,12.3,14.1,11.1,12.1,14.2,17.1,62.1,59.4,20.4,21.3,0,0,37.9,40.6,"6,456","5,505",857,846,75.3,64.5,10,9.9,"8,515","8,539",99.3,100.1,107,84,98.8,99,"8,274","8,026",97.2,94,961,687,11.6,8.6,"8,320","8,094",97.7,94.8,527,852,83.9,85.3,868,878,1.6,2.6,36.9,16,18.2,9.7,53.8,27.8,0.5,0.1,271,275,73,105,26.9,38.2,100,96.2,0,3.8,61.3,100,38.7,0,0.8,1.2,0,0,49,72,"1,345","1,308","1,394","1,380",3.5,5.2,96.5,94.8,0,123,953,785,441,472,NA,NA,0,0,0,8.9,68.4,56.9,31.6,34.2,0,0,0,0,23.7,16.2,70.4,76.2,5.9,7.6,100,100,100,100,100,100,0,0,"6,015","5,958",0,0,"6,015","5,958",224,NA,3.7,0,4.5,0,81.2,81.2,"29,081","22,744","649,465","644,152",9,0,"5,474","5,036","8,039","8,966",64.3,59,94.4,105,"8,199","8,366","8,106","8,300","8,275","8,362",0,NA,0,NA,0,NA,"8,398","8,348",98.6,97.8,"8,175","8,022",-4.5,6.9,"8,200","5,523",96.3,64.7,237.9,227.5,0,0,97.9,98.6,89.8,89,0,0,0,0,0,0,0,0,0,0,0,0,100,100,0,0,64.2,63.8,32.8,25,43.1,27.9,0.5,0.5,"23,214","26,628","431,240","371,779",5.4,7.2,"2,476","1,888","1,785","1,795",58.1,51.3,5,NA,0.2,0,"25,557","17,633",5.9,4.7,"6,538","5,597",1.5,1.5,0,494,14.6,14.5,1.8,2.1,0.2,0.4,0.4,0.6,0,0,0,0,11,3,0,0,0,0,0,100,0,0,0,0,0,0,0,0,100,0
3,Bathinda,"24,297","22,927","18,737","17,013","10,266","8,190",77.1,74.2,42.3,35.7,"21,333","19,914","21,557","18,811",87.8,86.9,88.7,82,"20,838","9,827",85.8,42.9,"18,586","29,671",175,160,0.9,0.5,0.5,0.4,"2,789","3,369","1,343","1,644","1,446","1,725",48.2,48.8,211,538,7.6,16,"10,976","9,917","6,113","6,892",55.7,69.5,"19,680","16,449",81,71.7,"22,469","19,818",87.6,83,93.6,91.3,12.4,17,"2,493","2,113",570,687,15.6,17,22.7,21.3,6.5,10.5,55.8,60.3,41.7,32.3,0,0,44.2,39.7,"11,198","10,412","11,350","10,008",49.8,52.5,50.5,50.5,"22,238","19,644",99,99.1,377,341,98.3,98.3,"21,901","18,873",98.5,96.1,"2,933","4,361",13.4,23.1,"21,205","18,803",95.4,95.7,"1,644","2,210",58.9,65.6,883,933,6.3,3.4,14.9,26,153.7,145,23.3,40.6,0,0,937,"1,023",452,328,48.2,32.1,80.1,93,19.9,7,18.2,39.6,81.8,60.4,1.9,1.4,0,0,227,332,"2,782","2,988","3,009","3,320",7.5,10,92.5,90,1,0,"1,519","1,888","1,474","1,339",NA,NA,1,19,0,0,50.5,56.9,49,40.3,0,0,0.5,2.8,0,0,91.9,97.4,8.1,2.6,NA,NA,99.5,97.5,100,100,0,0,"13,538","15,381",3,748,"13,541","16,129",148,0,1.1,0,1.3,0,81.8,82.9,"39,662","37,188","1,205,526","1,424,555",0,6,"13,348","11,410","20,953","19,343",60,58.1,94.2,98.5,"20,968","19,496","20,288","19,399","20,634","19,430",0,0,0,0,0,0,"20,347","19,117",91.5,97.3,"20,018","18,942",2.9,1.2,"20,780","9,903",93.4,50.4,69.8,76.6,0,0,96.9,97.8,71.7,80,0,0,0,0,0,0,0,0,0,0,1.9,0.1,92.6,99.2,5.6,0.8,62.9,60.5,14.7,12.7,34.3,29.6,0.9,1,"46,511","42,760","988,079","846,409",4.7,5.1,"6,505","6,839","11,817","11,111",35.5,38.1,92,0,1.4,0,"20,996","19,577",2.1,2.3,"9,562","8,934",1,1.1,63,113,7.6,9,3.9,4.4,0.7,0.9,1.4,1.7,0.2,0,0,0,65,50,0,0,3.5,2.6,7,23.7,15.8,7.9,0,0,0,5.3,0,0,73.7,60.5
4,Faridkot,"10,646","11,568","7,405","8,109","4,715","4,638",69.6,70.1,44.3,40.1,"10,006","10,421","9,449","9,998",94,90.1,88.8,86.4,"9,561","7,033",89.8,60.8,"9,826","9,074",94,121,1,1.3,2.4,2.4,714,950,122,111,592,839,17.1,11.7,22,139,3.1,14.6,"6,456","5,798","4,490","3,890",69.5,67.1,"9,343","9,173",87.8,79.3,"10,057","10,123",92.9,90.6,94.1,91.7,7.1,9.4,"1,489","1,215",870,920,25.2,23.3,23.1,21,30.1,27.3,69.1,63.2,29.6,34.1,0,0,30.9,36.8,"7,701","9,040","8,028","8,454",76.6,89.3,79.8,83.5,"9,883","9,942",98.3,98.2,302,289,97,97.2,"8,648","9,351",87.5,94.1,"1,052",901,12.2,9.6,"8,443","9,235",85.4,92.9,445,670,62.3,70.5,892,910,10.7,7,8.8,19.3,34.4,45.3,29.5,15.7,1.2,0.5,"1,502","1,032",232,100,15.4,9.7,96.1,98,3.9,2,24.8,27.6,75.2,72.4,2.2,0.9,0,0,52,47,"1,810","1,802","1,862","1,849",2.8,2.5,97.2,97.5,0,6,147,481,"1,601","1,208",NA,NA,0,0,0,0.3,7.9,26,86,65.3,0,0,6.1,8.3,0.2,0,85.1,92.2,14.8,7.8,100,NA,93.8,91.7,92.9,88.6,0,0,"4,308","4,928",726,915,"5,034","5,843",51,NA,1.2,0,0.8,0,73,76,"22,802","24,843","712,998","755,881",36,599,"6,432","6,963","9,759","10,010",65.1,70,98.7,100.7,"9,151","9,819","8,856","9,453","8,857","9,489",0,NA,0,NA,0,NA,"8,749","9,441",88.5,95,"8,567","9,223",10.3,5.7,"8,954","5,269",90.6,53,78.6,81.5,885,709,98.1,96.2,75.8,73.2,0,0,0,0,0,0,0,0,0,0,0,4.3,99.6,93.9,0.4,1.8,83,80.2,19,14.2,30.9,51.6,0.3,0.3,"19,705","18,545","321,578","304,346",6.1,6.1,"2,821","2,317","6,096","4,538",31.6,33.8,183,NA,6.5,0,"31,958","23,696",9.9,7.8,"8,342","7,630",2.6,2.5,"1,608",808,1.4,1.4,1.2,1.8,0.2,0.2,0.3,0.5,0.3,0.5,0,0,197,187,32.2,24.4,8.9,18.8,3.4,2.8,4.8,2.3,0,0.6,0,0,0,0,50.7,51.1
5,Fatehgarh Sahib,"9,885","9,710","6,179","6,072","2,056","1,997",62.5,62.5,20.8,20.6,"9,602","9,552","9,219","9,233",97.1,98.4,93.3,95.1,"9,787","8,890",99,91.6,"4,866","5,453",58,14,1.2,0.3,1.7,1.7,489,572,37,76,452,496,7.6,13.3,26,91,5.3,15.9,"3,441","2,734","2,223","2,177",64.6,79.6,"7,101","6,813",71.8,70.2,"7,590","7,385",93.6,92.3,94,93.3,6.4,7.7,639,357,"1,201","1,132",25.9,21.9,18.6,13.1,32.8,27.8,48.5,40.1,14.2,20.8,0,0,51.5,59.9,"7,418","5,874","6,359","5,440",97.7,79.5,83.8,73.7,"7,579","7,369",99.9,99.8,34,33,99.6,99.6,"7,476","7,241",98.6,98.3,394,269,5.3,3.7,"7,052","7,175",93,97.4,221,345,45.2,60.3,883,864,9.1,5.4,0,2.7,0,6.1,5.5,0.3,0,0,384,316,95,60,24.7,19,97.9,98.3,2.1,1.7,25.2,13.9,74.8,86.1,1,0.6,0,0,38,70,558,697,596,767,6.4,9.1,93.6,90.9,0,3,184,279,390,460,NA,NA,0,0,0,0.4,30.9,36.4,65.4,60,0,0,3.7,3.3,86,94.1,2.9,0,11.1,5.9,100,96.6,100,NA,64.5,92.7,0,0,"4,145","4,668",53,50,"4,198","4,718",7,NA,0.2,0,0.2,0,87.6,86,"17,860","14,487","665,169","739,010",0,19,"5,847","5,962","8,850","9,005",77.1,80.9,116.8,122.2,"9,152","9,479","9,016","9,563","9,153","9,649",0,NA,0,NA,0,NA,"8,867","9,306",117,126.3,"8,802","9,084",-0.2,-3.3,"8,503","7,631",112.2,103.6,92.7,94,14,17,97.8,99.2,76.5,75.5,NA,0,NA,0,NA,0,NA,0,NA,0,NA,4.3,NA,26.1,NA,69.6,60.9,65.2,24.8,23.6,32.5,36,0.2,0.2,"16,239","10,607","417,541","338,415",3.9,3.1,"2,093","1,271","5,371","4,008",28,24.1,57,NA,2.7,0,"78,255","59,303",18.7,17.5,"5,369","4,276",1.3,1.3,140,11,1.1,1.8,1.4,1.5,0.2,0.5,0.5,0.8,0,0,0,0,11,25,0,5,0,0,0,10,9.1,0,9.1,0,0,20,0,0,81.8,65
6,Fazilka,"16,483","8,533","12,235","6,583","6,911","3,090",74.2,77.1,41.9,36.2,"15,171","7,578","15,328","7,699",92,88.8,93,90.2,"14,893","4,921",90.4,57.7,"13,579","5,187",6,1,0,0,0.6,0.4,"3,466","2,004",41,77,"3,425","1,927",1.2,3.8,206,124,5.9,6.2,"8,258","3,701","7,364","3,378",89.2,91.3,"9,841","4,564",59.7,53.5,"13,307","6,568",74,69.5,74.3,70.7,26,30.5,759,211,224,102,10,6.9,9.2,5.7,14.2,11.8,83.9,81.1,49.5,44.8,0,0,16.1,18.9,"10,525","4,057","5,254","2,484",79.1,61.8,39.5,37.8,"13,190","6,461",99.1,98.4,225,128,98.3,98.1,"11,751","5,417",89.1,83.8,"1,746",937,14.9,17.3,"11,375","5,250",86.2,81.3,"2,916","1,437",84.1,71.7,912,903,0,0,NA,NA,0,0,NA,NA,0,0,128,35,0,0,0,0,NA,NA,NA,NA,NA,NA,NA,NA,0,0,29.2,0,39,113,"1,884",870,"1,923",983,2,11.5,98,88.5,32,0,548,501,"1,343",482,NA,NA,0,0,1.7,0,28.5,51,69.8,49,0,0,0,0,0,0,95.3,96.7,4.7,3.3,NA,NA,100,100,100,100,0,0,"9,044","4,561",0,0,"9,044","4,561",67,NA,0.7,0,0.8,0,82.5,82.3,"43,703","21,226","789,093","349,957",32,0,"13,718","6,333","15,044","8,442",104,98,114.1,130.7,"16,034","8,448","15,759","8,235","15,378","7,963",0,NA,0,NA,0,NA,"13,999","6,571",106.1,101.7,"13,636","6,301",6.9,22.2,"12,799","2,273",97,35.2,49.7,49.2,0,0,93.5,95.2,81.8,82.7,0,0,0,0,0,0,0,0,0,0,0,0,82.8,93.6,17.2,6.4,70.2,69,22.5,19.8,27.1,30.3,0.5,0.7,"27,531","11,547","461,355","219,900",6,5.3,"2,610","1,338","5,051","2,435",34.1,35.5,220,NA,8.4,0,"18,353","9,271",4,4.2,"2,109",729,0.5,0.3,908,527,5.1,7.9,0.7,0.7,0.1,4.1,0.2,3.5,0.5,0,0,0,NA,NA,NA,NA,NA,NA,NA,NA,NA,NA,NA,NA,NA,NA,NA,NA,NA,NA
7,Firozpur,"17,912","33,540","10,791","22,065","6,384","12,040",60.2,65.8,35.6,35.9,"14,427","28,517","15,791","30,363",80.5,85,88.2,90.5,"14,872","22,073",83,65.8,"6,248","18,437",42,30,0.7,0.2,0.7,0.5,"4,219","7,893",379,608,"3,840","7,285",9,7.7,41,630,1,8,"4,334","10,066","3,907","9,164",90.1,91,"8,039","16,346",44.9,48.7,"12,258","24,239",65.6,67.4,68.7,69.9,34.4,32.6,275,512,373,753,8.1,7.7,6.3,5.1,10.1,12,53.9,61.6,51.6,47.4,0,0,46.1,38.4,"4,844","12,832","4,573","7,685",39.5,52.9,37.3,31.7,"12,192","24,112",99.5,99.5,131,298,98.9,98.8,"10,074","19,279",82.6,80,"2,540","3,755",25.2,19.5,"9,221","18,893",75.6,78.4,"2,498","6,029",59.2,76.4,868,878,0,0,NA,NA,0,0,NA,NA,0,0,67,141,0,0,0,0,NA,NA,NA,NA,NA,NA,NA,NA,0,0,39.1,36.3,18,90,"1,609","3,482","1,627","3,572",1.1,2.5,98.9,97.5,0,35,302,"1,201","1,325","2,336",NA,NA,0,0,0,1,18.6,33.6,81.4,65.4,0,0,0,0,48.2,14.6,49.4,82.9,2.4,2.6,100,100,100,100,100,100,0,0,"6,668","14,658",343,"1,128","7,011","15,786",11,NA,0.2,0,0.3,0,81.2,81.5,"44,115","75,965","753,736","1,338,479",26,971,"10,295","20,274","16,023","29,594",84.4,84.1,131.4,122.7,"16,626","30,094","15,984","29,190","15,494","28,580",0,NA,0,NA,0,NA,"15,785","26,873",129.5,111.5,"15,515","25,729",1.5,9.2,"15,521","15,822",127.3,65.6,63.7,44.9,0,2,94.2,95.6,81.6,83.6,NA,0,NA,0,NA,0,NA,0,NA,0,NA,1.7,NA,84.6,NA,13.7,66.5,64.9,15.7,16.2,32.1,31.1,0.5,0.6,"16,195","37,136","363,908","724,379",4.5,5.1,"2,068","4,183","7,935","11,575",20.7,26.5,21,NA,1,0,"1,250","17,038",0.3,2.4,"6,367","7,107",1.7,1,816,"1,952",3,5.5,1.9,1.6,0.3,1.4,0.7,1.5,0,0.1,0,0,1,10,NA,0,NA,40,NA,0,NA,0,NA,0,NA,0,NA,0,NA,60
8,Gurdaspur,"29,481","38,747","16,696","22,479","5,730","8,450",56.6,58,19.4,21.8,"26,790","34,252","26,615","33,145",90.9,88.4,90.3,85.5,"26,920","25,971",91.3,67,"25,379","32,534",30,8,0.1,0,0.8,2,"6,012","9,690","3,123","4,524","2,889","5,166",51.9,46.7,495,561,8.2,5.8,"8,629","10,561","4,844","9,850",56.1,93.3,"23,704","26,584",80.4,68.6,"29,716","36,274",79.8,73.3,90.3,85.8,20.2,26.7,"2,634","3,098","9,290","9,730",50.3,48.3,30.5,29.3,61.6,60.7,36.4,39.7,15.9,32.6,0,0,63.6,60.3,"14,235","20,091","14,693","18,946",47.9,55.4,49.4,52.2,"28,741","35,949",96.7,99.1,440,516,98.5,98.6,"26,305","30,193",91.5,84,276,"1,030",1,3.4,"21,993","27,508",76.5,76.5,"5,304","8,430",88.2,87,869,856,3.9,3.1,0,0,0,0,58.5,36.9,0,0.1,677,855,130,157,19.2,18.4,93.8,85.4,6.2,14.6,100,86.7,0,13.3,0.4,0.4,0,0,255,522,"3,073","4,300","3,328","4,822",7.7,10.8,92.3,89.2,116,431,"1,406","1,825",756,946,NA,NA,24,105,3.5,8.9,42.2,37.8,22.7,19.6,0,0,31.6,33.6,0,0,84.9,94.7,15.1,5.3,NA,NA,65.3,63.5,74.1,86.5,0,0,"11,396","13,779",0,0,"11,396","13,779",17,NA,0.1,0,0.2,0,77.4,74.1,"106,626","130,197","2,132,154","2,741,215",0,0,"22,870","23,488","29,439","37,536",79.6,65.3,102.4,104.4,"27,947","35,637","27,533","35,010","27,932","35,068",0,NA,0,NA,0,NA,"27,636","35,276",96.2,98.1,"27,636","35,276",6.1,6,"26,946","19,617",93.8,54.6,87.8,89.1,0,0,98.6,99.1,83.8,84.3,0,0.1,0,0,0,0,0,0,0,0,0,0,100,99.9,0,0,58.5,59.7,17.8,14,25.5,40.1,0.9,0.6,"50,151","82,978","841,346","1,125,889",6,7.4,"4,896","6,222","8,709","10,390",36,37.5,51,NA,1,0,"103,983","149,392",12.4,13.3,"13,340","21,059",1.6,1.9,252,210,5.8,4.4,1.9,3,0.6,0.9,0.9,1.4,0,0.4,0,0.1,128,230,0,3.4,1.8,8.7,2.6,16.8,10.5,4.7,0,0.7,0,12.8,0,0,85.1,53
9,Hoshiarpur,"26,321","26,597","17,855","17,544","9,583","7,696",67.8,66,36.4,28.9,"24,137","24,865","24,218","24,962",91.7,93.5,92,93.9,"24,520","19,858",93.2,74.7,"20,477","17,119",119,227,0.6,1.3,2.8,3.6,"3,193","5,101","1,090","1,843","2,103","3,258",34.1,36.1,697,876,21.8,17.2,"10,019","8,544","6,311","5,375",63,62.9,"18,575","17,791",70.6,66.9,"21,768","22,892",85.3,77.7,90.3,85.8,14.7,22.3,"2,725","2,680","3,894","3,685",35.6,35.8,27.2,31.4,45.5,39.9,53.9,48,30.5,25.2,16,8.5,46.1,52,"10,685","12,703","10,027","11,574",49.1,55.5,46.1,50.6,"21,516","23,219",98.8,101.4,400,401,98.2,98.3,"18,568","16,621",86.3,71.6,"1,865","1,050",10,6.3,"15,404","16,302",71.6,70.2,"2,842","4,664",89,91.4,909,909,4.9,20.5,6.5,2.7,8.1,10,63.2,17.1,0.4,0.3,859,"1,320",221,250,25.7,18.9,99.5,100,0.5,0,100,100,0,0,0.8,0.9,0,0,167,216,"2,610","3,463","2,777","3,679",6,5.9,94,94.1,380,411,"1,095","1,040",967,"1,006",NA,NA,0,NA,13.7,11.2,39.4,28.3,34.8,27.3,0,0,12.1,33.2,65.3,50.6,26.1,41.4,8.6,8,97,94.9,63.9,26.9,83.1,69.3,0,NA,"5,155","10,688",0,NA,"5,155","10,688",47,NA,0.9,0,0.5,0,65,74.4,"72,100","90,251","1,336,035","1,593,615","6,110",NA,"19,960","21,475","23,579","25,975",92.8,92.5,109.6,111.9,"23,457","24,561","23,165","24,455","23,283","24,226",0,NA,0,NA,0,NA,"23,572","24,389",109.6,105,"23,376","23,702",0,6.1,"22,663","16,749",105.3,72.1,101.7,108.6,2,NA,98.2,99.7,84.6,85.6,0,0,0,0,0,0,0,0,0,0,0,0,99.5,99.9,0.5,0.1,58.5,57.6,25.3,21.7,37,38.7,1.3,1.5,"60,914","56,192","1,293,543","1,218,472",4.7,4.6,"8,234","8,567","35,344","31,065",18.9,21.6,61,NA,0.7,0,"128,662","108,874",9.9,8.9,"54,293","58,378",4.2,4.8,490,119,4.9,7.1,1.3,2.3,0.4,0.3,0.6,0.8,0,0,0,0,166,160,6.8,6.3,3,2.3,5.3,10.9,5.3,4.7,0.8,3.1,2.3,6.3,0,0,76.5,66.4
10,Jalandhar,"37,255","36,407","23,469","23,698","18,554","16,927",63,65.1,49.8,46.5,"33,904","32,146","32,515","30,967",91,88.3,87.3,85.1,"33,871","24,819",90.9,68.2,"22,064","18,525",4,15,0,0.1,2.9,3.2,"3,925","5,533","1,409","2,558","2,516","2,975",35.9,46.2,336,897,8.6,16.2,"11,266","9,766","7,373","6,089",65.4,62.3,"27,643","28,895",74.2,79.4,"31,568","34,428",87.6,83.9,92,91.4,12.4,16.1,"3,049","2,124","5,299","5,425",30.2,26.1,27.1,21.7,32.4,28.4,40.8,33.8,45.8,55.2,2.8,1.8,59.2,66.2,"11,091","8,969","7,277","5,566",35.1,26.1,23.1,16.2,"31,354","34,319",99.3,99.7,238,116,99.2,99.7,"31,336","34,117",99.9,99.4,952,"1,727",3,5.1,"27,324","30,956",87.1,90.2,"2,977","3,758",75.8,67.9,903,863,1.5,0.5,22.9,38.2,8.7,4.5,25.5,25,0,0,"3,254","3,357",149,220,4.6,6.6,88.6,56.4,11.4,43.6,6,6.9,94,93.1,0.4,0.6,0,0,460,672,"6,859","6,551","7,319","7,223",6.3,9.3,93.7,90.7,332,304,"1,412","1,253","1,274","1,414",NA,NA,191,268,4.5,4.2,19.3,17.3,17.4,19.6,0,0,58.8,58.9,96.5,99.2,1.3,0.2,2.2,0.6,37.9,38.7,100,100,100,100,0,NA,"15,321","16,933",0,68,"15,321","17,001",1,NA,0,0,0,0,67.7,70.2,"122,171","128,588","3,026,886","3,190,971",0,NA,"28,417","26,018","35,014","32,889",90.6,75.8,111.7,95.8,"32,303","32,412","32,024","32,009","32,454","32,232",0,NA,0,NA,0,NA,"31,767","31,971",101.3,93.2,"31,603","31,197",9.3,2.8,"31,092","16,090",99.2,46.9,58.4,57.3,9,10,97.8,97.2,69,66.7,0,0,0,0,0,0,0,0,0,0,0.4,0,99,100,0.6,0,59.3,57.1,24.7,26.5,40.7,37.3,1.6,1.5,"60,336","56,692","1,159,448","1,047,947",5.2,5.4,"11,515","10,677","42,216","44,161",21.4,19.5,12,NA,0.1,0,"44,542","35,092",3.8,3.3,"20,848","14,128",1.8,1.3,298,6,5.4,5.7,3.9,3.9,0.9,1.2,1.9,2.1,0,0,0,0,23,71,0,0,17.4,0,4.3,37,0,0,13,0,4.3,3.7,0,0,60.9,59.3
11,Kapurthala,"13,689","13,209","8,439","8,055","6,575","5,961",61.6,61,48,45.1,"11,578","11,803","12,369","12,356",84.6,89.4,90.4,93.5,"11,002","6,998",80.4,53,"11,226","12,094",47,182,0.4,1.5,1.9,4.9,"1,487","1,729",272,694,"1,215","1,035",18.3,40.1,41,23,2.8,1.3,"7,696","5,370","5,215","4,419",67.8,82.3,"12,411","10,285",90.7,77.9,"13,898","12,014",89.3,85.6,91.3,91.4,10.7,14.4,"2,415","1,128","2,402","2,245",38.8,32.8,31.4,21,50.9,45.7,62,52.2,30.6,26.8,0.5,0.6,38,47.8,"7,888","9,313","3,408","2,677",56.8,77.5,24.5,22.3,"11,458","11,907",82.4,99.1,115,133,99,98.9,"11,394","11,657",99.4,97.9,478,611,4.2,5.2,"11,173","10,115",97.5,85,"1,403","1,548",94.4,89.5,879,921,10.9,9.7,4,4.6,20.5,7.2,26.2,53.3,0,0.3,626,285,437,532,69.8,186.7,100,98.3,0,1.7,81.1,100,18.9,0,3.2,4,0.5,0.2,118,179,"1,273","1,677","1,391","1,856",8.5,9.6,91.5,90.4,61,52,157,298,"1,097","1,452",NA,NA,2,3,4.4,2.8,11.3,16.1,78.9,78.2,0,0,5.5,2.9,47.4,41.7,44.2,50.1,8.3,8.2,96,100,91.1,93.9,100,100,0,0,"6,381","6,797",7,1,"6,388","6,798",34,NA,0.5,0,0.4,0,82.1,78.6,"53,055","45,978","1,115,812","1,107,821",0,5,"8,817","9,653","13,593","15,369",77,81.1,118.6,129.1,"13,636","14,195","13,658","14,067","13,720","13,836",0,NA,0,NA,0,NA,"13,149","13,576",114.8,114,"13,149","13,576",3.3,11.7,"12,398","6,086",108.2,51.1,74.6,68.2,429,791,98.7,99.3,82,81.9,0,0,0,0,0,0,0,0,0,0,0,5.3,100,94.7,0,0,56.2,56.8,24.6,25.4,36.5,32.2,0.9,0.9,"35,672","34,531","701,309","670,317",5.1,5.2,"5,610","6,170","14,654","16,579",27.7,27.1,"2,062",NA,36.8,0,"29,390","37,132",4.2,5.5,"13,743","11,591",2,1.7,137,228,3.4,6.9,1.8,1,0.3,0.4,0.7,0.6,0,0,0,0,103,148,0,3,1.1,2,1.1,2,3.3,5,0,1,3.3,2,0,0,91.2,85.1
12,Ludhiana,"60,252","60,144","51,164","54,120","22,283","19,675",84.9,90,37,32.7,"55,707","55,264","56,100","55,180",92.5,91.9,93.1,91.7,"57,621","53,967",95.6,89.7,"29,388","27,080",86,110,0.3,0.4,1.9,2.1,"7,822","7,580","1,220","1,481","6,602","6,099",15.6,19.5,"3,710","3,975",47.4,52.4,"18,971","16,408","12,565","14,818",66.2,90.3,"44,419","42,999",73.7,71.5,"52,241","50,579",85,85,87.4,87.9,15,15,"3,650","2,937","9,973","8,334",30.7,26.2,19.2,17.9,39.2,31.3,42.7,38.2,55.9,52.7,0,0,57.3,61.8,"30,328","25,707","23,347","20,162",58.1,50.8,44.7,39.9,"50,552","49,299",96.8,97.5,590,552,98.8,98.9,"50,450","48,892",99.8,99.2,"1,849",867,3.7,1.8,"49,580","47,722",98.1,96.8,"5,517","5,347",70.5,70.5,905,929,1,1.2,2.6,11.4,1,4.7,11.7,14.6,0,0.1,758,"1,089",484,458,63.9,42.1,93.8,93.2,6.2,6.8,65.9,75.8,34.1,24.2,0.8,0.8,0,3,407,604,"9,066","8,453","9,473","9,057",4.3,6.7,95.7,93.3,308,326,"2,205","2,290","2,362","2,262",NA,NA,81,150,3.3,3.6,23.3,25.3,24.9,25,0,0,48.5,46.1,90.3,88.1,0.2,0.9,9.6,11,52.6,56,56.3,34.7,27.6,24.4,0,0,"34,889","33,373",703,"1,778","35,592","35,151",123,NA,0.4,0,0.6,0,79,79.5,"180,898","178,856","5,890,253","5,900,050",2,10,"35,534","41,380","56,422","55,872",70.3,83.9,111.6,113.3,"59,800","57,569","58,640","56,762","58,293","57,159",0,NA,0,NA,0,NA,"53,734","53,602",106.3,108.7,"53,734","53,602",4.8,4.1,"49,281","28,892",97.5,58.6,87.4,93.9,4,12,93.7,92.9,68.6,69.4,0,0,0,0,0,0,0,0,0,0,0,7.3,100,87.2,0,5.5,65.9,64.9,25.8,26.3,32.7,30.5,1.1,1.2,"57,537","60,170","1,270,391","1,258,954",4.5,4.8,"6,970","8,217","30,400","41,613",18.7,16.5,86,NA,1.2,0,"180,122","126,963",14.2,10.1,"52,311","44,553",4.1,3.5,"2,468","3,513",1.8,1,1.8,3.4,0.4,0.7,0.7,1.5,0,0,0,0,22,73,0,4,0,12,0,6,4.5,12,0,0,4.5,4,0,0,90.9,62
13,Mansa,"13,704","12,667","11,552","10,249","5,126","2,861",84.3,80.9,37.4,22.6,"12,425","11,417","11,737","10,857",90.7,90.1,85.6,85.7,"13,494","12,145",98.5,95.9,"7,337","7,082",76,110,1,1.6,1.4,1.9,454,948,101,200,353,748,22.2,21.1,150,204,33,21.5,"7,208","6,489","5,449","5,802",75.6,89.4,"10,956","9,851",79.9,77.8,"11,410","10,799",96,91.2,96.9,93.1,4,8.8,829,580,121,133,8.7,7.2,11.5,8.9,3.2,4,65.8,65.9,40.8,20.4,0,0,34.2,34.1,"14,233","8,067","14,415","7,618",124.7,74.7,126.3,70.5,"11,362","10,946",99.6,101.4,85,117,99.3,98.9,"11,290","10,750",99.4,98.2,592,"4,353",5.2,40.5,"11,395","10,914",100.3,99.7,258,742,56.8,78.3,907,829,4.9,5.3,10.8,31.5,29.9,68.5,39,39.6,0,0,365,421,185,174,50.7,41.3,83.8,69.5,16.2,30.5,100,98.9,0,1.1,1.3,1.4,5.7,42.7,51,106,"1,823","1,923","1,874","2,029",2.7,5.2,97.3,94.8,0,0,"1,244","1,352",630,676,NA,NA,0,0,0,0,66.4,66.6,33.6,33.3,0,0,0,0,24.2,20.7,71.3,75.7,4.5,3.5,100,100,100,99.9,100,100,0,0,"6,625","7,455",62,70,"6,687","7,525",51,NA,0.8,0,0.7,0,78.1,78.8,"49,483","51,683","924,285","1,143,835","2,472","5,410","12,257","10,190","14,198","13,205",107.9,93.1,125,120.6,"12,302","11,394","11,947","11,328","12,122","11,389",0,NA,0,NA,0,NA,"11,867","11,404",104.4,104.2,"11,906","11,326",16.4,13.6,"11,445","9,933",100.7,90.7,116.7,117.5,4,0,94.9,95.5,86.1,88.2,0,0,0,0,0,0,0,0,0,0,5.7,1.9,90.8,96.3,3.5,1.9,57,61.6,31,24.5,33,34.4,0.4,0.4,"31,397","23,275","432,931","382,902",7.3,6.1,"2,611","2,331","4,686","3,307",35.8,41.3,0,NA,0,0,"19,317","20,606",4.5,5.4,"2,966","5,324",0.7,1.4,612,236,3.4,2.9,2.4,2.1,0.2,0.3,0.5,0.5,1.4,0.6,0,0,NA,27,NA,6.7,NA,0,NA,20,NA,13.3,NA,0,NA,6.7,NA,0,NA,53.3
14,Moga,"17,058","17,878","11,458","10,879","8,914","7,936",67.2,60.9,52.3,44.4,"15,723","15,268","16,306","16,999",92.2,85.4,95.6,95.1,"13,943","9,937",81.7,55.6,"15,854","14,386",8,130,0.1,0.9,2.4,1.2,"1,575","2,389","1,231","1,939",344,450,78.2,81.2,37,25,2.3,1,"8,622","7,534","8,003","5,744",92.8,76.2,"14,085","13,170",82.6,73.7,"15,660","15,559",89.9,84.6,97.8,97.1,10.1,15.4,"1,512","1,454","1,644","1,674",22.4,23.8,17.5,19.3,30.1,29.7,61.2,57.2,42.6,18.9,0,0.6,38.8,42.8,"8,829","9,058","9,625","9,392",56.4,58.2,61.5,60.4,"15,459","15,379",98.7,98.8,260,222,98.3,98.6,"15,344","15,041",99.3,97.8,796,954,5.2,6.3,"15,295","11,698",98.9,76.1,"1,541","2,701",97.8,113.1,912,897,13.8,13.1,9.1,5,42.7,39.3,22.1,14.3,0.9,0.1,864,837,51,98,5.9,11.7,86.3,100,13.7,0,100,80.3,0,19.7,0.3,0.5,0,0,59,60,"1,740","2,137","1,799","2,197",3.3,2.7,96.7,97.3,16,22,"1,172","1,733",533,357,NA,NA,0,NA,0.9,1,65.1,78.9,29.6,16.2,0,0,4.3,3.9,10.1,0,70.8,90.5,19.1,9.5,100,NA,96.8,96.6,88.3,90.6,0,NA,"7,799","7,789",314,517,"8,113","8,306",20,NA,0.3,0,0.2,0,81.9,79.1,"39,629","45,943","746,807","765,421",18,0,"15,353","12,483","17,463","17,502",99.3,81.2,113,113.8,"16,920","16,993","15,922","16,534","15,852","16,446",253,NA,5,NA,5,NA,"15,464","15,583",100,101.3,"14,289","14,888",11.4,11,"14,155","8,886",91.6,57.8,85.5,85,0,1,96.5,96.7,88.5,89,0,0,0,0,0,0,0,0,0,0,0,0,84.9,100,15.1,0,73.6,72.3,33.2,32.8,32.3,23.3,0.3,0.4,"27,681","24,298","408,633","416,023",6.8,5.8,"2,701","3,629","6,047","9,835",30.9,27,415,NA,15.4,0,"22,915","20,771",5.6,5,"20,078","18,882",4.9,4.5,0,0,3.5,4.2,2.4,5.5,0.6,2.4,0.9,2.9,0,0,0,0,26,108,0,1.5,0,0,11.8,4.6,0,7.7,0,3.1,5.9,12.3,0,0,82.4,70.8
15,Mohali SAS Nagar,"22,956","21,602","15,975","12,950","3,941","3,276",69.6,59.9,17.2,15.2,"19,818","18,296","18,893","14,399",86.3,84.7,82.3,66.7,"20,808","12,574",90.6,58.2,"7,767","6,499",29,81,0.4,1.2,1.9,2.9,"1,059","1,142",384,160,675,982,36.3,14,8,13,0.8,1.1,"5,571","5,446","4,274","4,168",76.7,76.5,"10,078","9,108",43.9,42.2,"11,137","10,250",90.5,88.9,93.9,90.4,9.5,11.1,"1,192",871,"1,645",929,28.2,19.8,21.4,16,36.5,25.4,55.3,59.8,28.4,23.6,0.2,0,44.7,40.2,"9,237","12,148","4,433","6,855",82.9,118.5,39.8,66.9,"11,493","10,191",103.2,99.4,40,82,99.7,99.2,"11,449","9,709",99.6,95.3,58,87,0.5,0.9,"11,488","10,113",100,99.2,944,"1,010",89.1,88.4,900,901,7.2,7.6,10.6,2.9,18.1,3.1,22.1,12.4,0,0,568,668,294,287,51.8,43,90.8,100,9.2,0,21.3,100,78.7,0,1.3,1.3,21.6,3.9,123,80,"2,676","1,240","2,799","1,320",4.4,6.1,95.6,93.9,0,0,891,616,748,700,NA,NA,0,0,0,0,31.8,46.7,26.7,53,0,0,41.4,0.3,43.9,27.6,54.9,66.5,1.2,5.9,90.2,100,28.9,99.5,100,100,0,0,"9,764","5,337",81,6,"9,845","5,343",903,NA,9.2,0,16.2,0,77.9,80.2,"40,605","36,080","1,298,307","969,882",75,"1,153","17,225","12,825","17,221","12,907",149.9,125.8,149.8,126.7,"17,662","15,386","17,352","15,362","17,174","15,392",0,NA,0,NA,0,NA,"16,611","14,839",144.5,145.6,"15,877","13,661",3.5,-15,"16,143","8,376",140.5,82.2,78.7,66,0,0,98.3,98.5,79.6,83.8,0,0,0,0,0,0,0,0,0,0,0,0,100,98.8,0,1.2,67.1,62.7,26.9,28.1,39.5,32.4,0.2,0.1,"27,994","27,769","739,291","588,247",3.8,4.7,"3,950","3,299","5,489","5,834",41.8,36.1,36,NA,0.9,0,"56,514","56,422",7.6,9.6,"25,366","22,978",3.4,3.9,"1,999","2,534",4.3,6.9,0.8,1.8,0.2,0.2,0.3,0.4,0.1,0.1,0,0,33,2,3.1,NA,0,NA,12.5,NA,12.5,NA,3.1,NA,0,NA,0,NA,68.8,NA
16,Muktsar,"16,826","16,674","10,476","9,908","7,907","7,994",62.3,59.4,47,47.9,"15,276","14,140","15,373","14,844",90.8,84.8,91.4,89,"17,737","11,415",105.4,68.5,"14,186","10,294",27,233,0.2,2.3,1.9,1.7,"1,780","2,849",288,659,"1,492","2,190",16.2,23.1,37,295,2.1,10.4,"5,955","5,558","4,314","4,556",72.4,82,"12,827","12,111",76.2,72.6,"14,607","14,960",87.8,81,89.8,85.4,12.2,19,301,265,"1,488","1,581",13.9,15.2,5.1,4.8,21.7,24.1,46.4,45.9,53.8,53.1,0,11.3,53.6,54.1,"7,179","4,528","5,895","3,868",49.1,30.3,40.4,25.9,"14,521","14,837",99.4,99.2,179,193,98.8,98.7,"14,370","14,677",99,98.9,979,822,6.8,5.6,"13,337","13,373",91.8,90.1,973,"1,857",54.7,65.2,919,885,3.6,5.1,1.9,5.2,2.9,11.2,58.5,39.3,0.3,0.4,"1,253","1,200",106,115,8.5,9.6,100,100,0,0,9.3,20.2,90.7,79.8,0.6,0.7,0,0,121,255,"2,005","2,118","2,126","2,373",5.7,10.7,94.3,89.3,310,383,"1,416","1,554",364,357,NA,NA,0,21,14.6,16.1,66.6,65.5,17.1,15,0,0,1.7,3.3,0.8,0.5,97.8,98.4,1.3,1.1,100,100,98.2,97.2,100,100,0,0,"7,888","7,966","1,167","1,095","9,055","9,061",29,NA,0.4,0,0.5,0,81,79.2,"40,629","30,116","941,209","831,988",469,50,"8,322","5,870","14,970","14,286",57.3,39.6,103.1,96.3,"14,910","14,258","14,639","14,003","14,381","13,878",0,NA,0,NA,0,NA,"14,224","13,972",98,94.2,"13,396","13,036",5,2.2,"13,642","4,544",93.9,30.6,60.6,57.2,0,10,97.6,98.2,79.5,82.1,0,0,0,0,0,0,0,0,0,0,0,0,99.5,100,0.5,0,70.7,69.3,24.5,19.8,33.9,25,0.3,0.3,"20,402","19,883","457,401","416,183",4.5,4.8,"2,470","3,001","5,806","8,959",29.8,25.1,18,NA,0.7,0,"31,134","26,372",6.8,6.3,"5,640","6,579",1.2,1.6,2,14,3.9,4.8,0.9,0.9,0.3,0.3,0.4,0.5,0.5,0.5,0,0,83,64,0,2.6,0,5.3,4.1,2.6,17.8,5.3,0,0,0,13.2,0,0,78.1,71.1
17,Nawanshahr,"9,908","10,088","7,170","6,687","3,736","2,689",72.4,66.3,37.7,26.7,"8,844","9,384","8,885","9,389",89.3,93,89.7,93.1,"8,936","8,200",90.2,81.3,"7,844","7,646",21,74,0.3,1,1.2,1.3,784,"1,080",183,296,601,784,23.3,27.4,91,160,11.6,14.8,"2,879","3,087","2,298","2,561",79.8,83,"7,834","7,483",79.1,74.2,"8,618","8,563",90.9,87.4,93,90.8,9.1,12.6,487,408,"2,993","2,612",44.4,40.4,16.9,13.2,60.4,59.4,36.8,41.3,41,35.6,0,0,63.2,58.7,"3,759","4,231","4,168","3,639",43.6,49.4,48.4,42.5,"8,590","8,521",99.7,99.5,125,143,98.6,98.3,"8,135","8,144",94.7,95.6,859,916,10.6,11.2,"5,761","6,302",67.1,74,568,864,72.4,80,954,917,5.4,7.6,12.3,11.5,43.3,47.8,24.3,47.3,0,0,423,398,76,103,18,25.9,100,100,0,0,28.1,48.1,71.9,51.9,0.8,1,0,0,51,60,"1,124","1,132","1,175","1,192",4.3,5,95.7,95,0,3,139,159,528,550,NA,NA,0,1,0,0.3,11.8,13.3,44.9,46.1,0,0,43.2,40.3,89.2,93.1,7.9,6.1,2.8,0.8,52,54.6,100,100,15.6,100,0,0,"2,747","4,323",0,0,"2,747","4,323",27,NA,1,0,0.9,0,70,78.4,"32,879","42,570","1,021,904","1,124,487",23,9,"8,018","8,331","9,405","9,192",93.3,97.8,109.5,107.9,"9,485","9,227","9,223","9,064","8,990","9,255",0,NA,0,NA,0,NA,"9,041","9,408",105.3,110.4,"9,037","9,403",3.9,-2.3,"8,736","6,177",101.7,72.5,93.2,108.4,2,0,96.4,99,86.8,88.1,0,0,0,0,0,0,0,0,0,0,0,4.8,100,95.2,0,0,63.2,64.9,20,20.2,32.8,34.5,0.8,0.9,"15,377","15,033","450,516","434,869",3.4,3.5,"1,835","1,597","6,491","7,663",22,17.2,21,NA,1.1,0,"40,854","44,468",9.1,10.2,"35,858","31,171",8,7.2,165,254,1.9,2.5,1.9,2,0.3,0.3,0.8,0.9,0,0,0,0,148,116,0,0,3.2,2,1.6,5.1,3.2,4.1,3.2,2,0,0,0,0,88.9,86.7
18,Pathankot,"9,855","4,901","5,969","3,057","2,085","1,110",60.6,62.4,21.2,22.6,"9,343","4,541","9,107","4,329",94.8,92.7,92.4,88.3,"9,542","1,858",96.8,37.9,"7,728","3,496",1,3,0,0.1,2.5,2.3,"2,330","1,335",853,413,"1,477",922,36.6,30.9,12,30,0.5,2.2,"2,430","1,194","1,680",925,69.1,77.5,"9,131","4,614",92.7,94.1,"11,461","5,949",79.7,77.6,87.1,84.5,20.3,22.4,755,270,"3,605","1,725",47.7,43.2,31.1,22.6,53.8,50.4,26.6,25.9,25.8,34.5,0,0,73.4,74.1,"6,615","3,472","6,325","3,248",57.7,58.4,55.2,54.6,"10,870","5,902",94.8,99.2,113,70,99,98.8,"10,271","5,469",94.5,92.7,183,99,1.8,1.8,"8,513","5,113",78.3,86.6,"1,983","1,111",85.1,83.2,863,896,0,0,NA,NA,0,0,NA,NA,0,0,251,115,71,26,28.3,22.6,100,53.8,0,46.2,55.9,100,44.1,0,0.7,0.5,0,0,101,90,"1,233",852,"1,334",942,7.6,9.6,92.4,90.4,116,179,215,171,196,123,NA,NA,79,67,8.7,19,16.1,18.2,14.7,13.1,0,0,60.5,49.8,0,0,94.4,100,5.6,0,NA,NA,43.4,52.8,0,NA,0,0,"3,733","1,905",0,0,"3,733","1,905",22,NA,0.6,0,0.9,0,73.7,66.9,"30,433","13,984","718,680","351,780",0,0,"7,704","3,477","10,571","5,306",70.9,58.9,97.2,89.9,"9,811","5,335","9,492","5,060","9,556","5,058",0,NA,0,NA,0,NA,"9,551","4,492",87.9,76.1,"9,551","4,492",9.6,15.3,"8,938","1,179",82.2,20,91.4,77.6,0,0,98.9,99.2,80.7,78.6,0,0,0,0,0,0,0,0,0,0,0,0,100,100,0,0,56.4,59.8,5.2,2.9,35.8,33.3,0.9,0.5,"14,418","7,010","348,099","154,649",4.1,4.5,"3,045","1,547","4,370","1,709",41.1,47.5,154,NA,5.1,0,"28,075","9,281",8.1,6,"7,106","3,488",2,2.3,0,0,3.1,3.4,2.6,3,0.5,1,1.1,1.5,0,0,0,0,5,NA,0,NA,0,NA,0,NA,0,NA,0,NA,0,NA,0,NA,100,NA
19,Patiala,"36,076","33,505","24,260","22,228","13,146","10,068",67.2,66.3,36.4,30,"35,260","31,550","29,715","23,819",97.7,94.2,82.4,71.1,"33,202","21,829",92,65.2,"27,081","23,405",329,373,1.2,1.6,2,2.2,818,990,228,202,590,788,27.9,20.4,239,72,29.2,7.3,"15,210","13,367","9,375","9,132",61.6,68.3,"31,329","30,505",86.8,91,"32,147","31,495",97.5,96.9,98.2,97.5,2.5,3.1,"4,271","3,723","4,224","2,335",27.1,19.9,28.1,27.9,26.2,13.6,48.5,43.8,40.9,24.4,0,0,51.5,56.2,"30,639","23,535","21,110","17,108",95.3,74.7,65.7,54.3,"31,887","31,256",99.2,99.2,548,405,98.3,98.7,"31,750","28,348",99.6,90.7,"2,796","1,322",8.8,4.7,"30,975","26,655",97.1,85.3,718,878,87.8,88.7,856,858,28.1,11.7,1.7,5.6,20.8,27.3,8.9,10.4,0,0,"1,755",974,604,536,34.4,55,100,99.8,0,0.2,62,90.5,38,9.5,1.7,1.6,0,0,193,238,"4,698","4,196","4,891","4,434",3.9,5.4,96.1,94.6,540,610,"2,660","2,198","1,648","1,584",NA,NA,0,0,11,13.8,54.4,49.6,33.7,35.7,0,0,0.9,0.9,83.3,88.4,3.4,1.1,13.2,10.5,99,98.9,98.8,100,99.5,100,0,NA,"17,669","13,760",985,69,"18,654","13,829",497,NA,2.8,0,3.3,0,79.2,75.7,"120,564","98,326","1,834,012","1,364,662","3,126","2,391","27,767","23,826","33,932","30,721",87.1,76.2,106.4,98.3,"29,012","27,433","28,193","26,779","28,106","26,657",0,NA,0,NA,0,NA,"28,685","27,206",90,87,"28,550","27,094",15.5,11.4,"24,654","15,844",77.3,50.7,91,100.5,0,0,98.7,99.2,77.2,79.2,0,0,0,0,0,0,0,0,0,0,0,0,100,99.8,0,0.2,72.5,72.6,24.9,19.8,44.7,33.6,0.1,0.1,"103,095","81,065","1,551,414","1,352,769",6.6,6,"12,841","5,974","21,545","22,842",37.3,20.7,151,NA,1.2,0,"117,544","84,005",7.6,6.2,"36,850","34,827",2.4,2.6,"6,528","7,318",1.3,2.4,2.1,2.1,0.3,0.3,0.6,0.6,0.1,0.1,0,0,59,12,1.9,20,1.9,0,7.5,40,5.7,40,1.9,0,0,0,0,0,81.1,0
20,Rupnagar,"12,310","11,943","8,632","8,202","4,271","2,991",70.1,68.7,34.7,25,"11,973","11,848","11,989","11,141",97.3,99.2,97.4,93.3,"12,424","10,073",100.9,84.3,"10,323","10,122",37,43,0.4,0.4,2,2.2,663,803,147,153,516,650,22.2,19.1,219,119,33,14.8,"5,810","4,983","3,743","3,502",64.4,70.3,"10,661","10,105",86.6,84.6,"11,324","10,908",94.1,92.6,95.4,94,5.9,7.4,"1,113",920,"1,638","1,668",25.8,25.6,19.2,18.5,33.8,32.6,54.5,49.3,50.3,36.2,0,0,45.5,50.7,"5,274","4,740","6,572","5,805",46.6,43.5,58,53.2,"11,256","10,800",99.4,99,133,168,98.8,98.5,"11,207","10,789",99.6,99.9,680,423,6.1,3.9,"10,764","10,570",95.6,97.9,590,733,89,91.3,896,910,23.5,23.8,1.7,2.5,17,22.6,4.7,7.7,0.8,0.5,617,470,132,118,21.4,25.1,100,100,0,0,26.8,23.2,73.2,76.8,1.1,1,0,0,53,72,"1,566","1,586","1,619","1,658",3.3,4.3,96.7,95.7,649,609,401,509,270,216,NA,NA,3,1,40.1,36.7,24.8,30.7,16.7,13,0,0,18.5,19.5,17,20.8,75.3,72.1,7.7,7.1,83.5,87,79.1,76.6,95.9,89.3,0,0,"4,735","7,038",0,0,"4,735","7,038",0,NA,0,0,0,0,74.5,80.9,"33,098","28,481","791,367","848,122",5,23,"11,338","10,170","12,584","11,600",100.7,94.2,111.8,107.4,"11,914","11,235","11,613","11,025","11,755","11,079",0,NA,0,NA,0,NA,"11,527","11,261",102.4,104.3,"11,527","11,261",8.4,2.9,"11,506","6,532",102.2,60.5,110.5,76.5,160,244,98.8,98.9,84.9,79.8,0,0,0,0,0,0,0,0,0,0,0,0.2,100,99.5,0,0.2,63.7,60.8,23.1,21.3,40,33.8,0.7,0.7,"31,226","29,824","612,154","581,199",5.1,5.1,"2,701","2,738","4,180","3,816",39.3,41.8,83,NA,3.1,0,"32,922","36,032",5.4,6.2,"4,160","3,719",0.7,0.6,13,0,2.6,4.6,1.3,1.8,0.2,0.3,0.5,0.6,0,0,0,0,40,44,3.3,0,0,7.3,3.3,7.3,0,9.8,0,0,0,0,0,0,93.3,75.6
21,Sangrur,"25,633","26,048","18,998","19,071","8,033","8,476",74.1,73.2,31.3,32.5,"21,780","22,262","23,036","23,332",85,85.5,89.9,89.6,"23,788","21,303",92.8,81.8,"13,139","12,119",115,105,0.9,0.9,1.5,1.5,"2,354","2,963","1,963","2,203",391,760,83.4,74.4,811,"1,116",34.5,37.7,"11,843","9,717","9,015","8,670",76.1,89.2,"20,311","19,335",79.2,74.2,"22,665","22,298",89.6,86.7,98.3,96.6,10.4,13.3,"2,847","1,750","1,704","1,551",22.4,17.1,24,18,20.1,16.1,58.3,50.3,44.1,46,0,0,41.7,49.7,"20,664","21,329","16,134","13,544",91.2,95.7,71.2,60.7,"22,584","22,255",99.6,99.8,276,221,98.8,99,"22,521","21,967",99.7,98.7,"2,409","4,536",10.7,20.6,"22,558","22,092",99.9,99.3,"2,354","2,936",100,99.1,853,850,4.2,3.2,19.7,21,44.4,34.4,45.7,58.8,0,0,934,609,462,264,49.5,43.3,97.4,98.9,2.6,1.1,70.8,100,29.2,0,1.8,1,0,0,74,176,"2,919","3,338","2,993","3,514",2.5,5,97.5,95,304,366,"1,096","1,532","1,593","1,577",NA,NA,0,0,10.2,10.4,36.6,43.6,53.2,44.9,0,0,0,1.1,64.5,71.3,23.2,24.1,12.3,4.6,100,98.4,100,100,100,100,0,0,"15,221","17,002",0,0,"15,221","17,002",187,NA,1.2,0,1.6,0,83.6,82.9,"104,004","83,937","1,793,598","1,756,513",0,911,"14,105","13,344","23,575","24,674",62.5,60,104.4,110.9,"24,147","24,345","23,699","23,913","23,770","23,857",0,NA,0,NA,0,NA,"23,361","23,571",103.4,105.9,"23,327","23,465",0.9,4.5,"23,064","12,524",102.1,56.3,90.3,95,0,0,96.3,96.7,81.3,82.7,0,0,0,0,0,0,0,0,0,0,0.9,2.2,96,89.2,3,8.6,66.3,68.3,19.9,16.1,37.8,36.7,0.4,0.5,"53,167","55,545","1,066,706","1,053,291",5,5.3,"8,667","8,907","19,707","20,039",30.5,30.8,1,NA,0,0,"104,681","87,216",9.8,8.3,"17,745","18,519",1.7,1.8,319,882,2.9,4.9,3.1,1.7,0.3,0.3,0.9,0.6,0,0,0,0,28,NA,0,NA,10.5,NA,5.3,NA,0,NA,0,NA,5.3,NA,0,NA,78.9,NA
22,Tarn Taran,"21,105","21,457","15,922","14,843","9,205","7,429",75.4,69.2,43.6,34.6,"18,484","19,028","18,963","19,561",87.6,88.7,89.9,91.2,"15,793","10,075",74.8,47,"19,043","18,616",154,58,0.8,0.3,4.3,3.8,"3,892","5,085","1,619","2,192","2,273","2,893",41.6,43.1,203,213,5.2,4.2,"7,600","7,436","6,457","7,261",85,97.6,"12,873","12,981",61,60.5,"16,765","18,066",76.8,71.9,86.4,84,23.2,28.1,889,657,"2,050","2,155",22.8,21.7,11.7,8.8,38.9,38.9,59,57.3,58.5,48.1,0,0,41,42.7,"13,455","13,523","8,378","7,542",80.3,74.9,50,41.7,"16,362","17,653",97.6,97.7,537,553,96.8,97,"16,362","17,651",100,100,541,402,3.3,2.3,"13,655","15,136",83.5,85.7,"2,212","3,343",56.8,65.7,860,852,9,6.1,1.5,0.4,1.9,0.4,16.4,0.3,0,0,772,594,141,100,18.3,16.8,97.9,99,2.1,1,24.1,41.8,75.9,58.2,0.7,0.5,0,0,306,481,"2,379","2,589","2,685","3,070",11.4,15.7,88.6,84.3,599,582,"1,643","2,017",419,456,NA,NA,0,0,22.3,19,61.2,65.7,15.6,14.9,0,0,0.9,0.5,37.2,27.4,56.8,69.1,6,3.6,100,100,98.2,99.2,100,100,0,0,"8,145","7,715",0,0,"8,145","7,715",41,NA,0.5,0,0.5,0,75.2,71.5,"66,853","67,959","1,186,331","1,187,460",0,0,"13,527","14,020","18,040","18,694",82.7,79.4,110.3,105.9,"17,672","18,612","17,631","18,374","17,518","18,406",0,NA,0,NA,0,NA,"17,777","18,181",108.6,103,"17,777","18,181",1.5,2.7,"17,082","10,824",104.4,61.3,68,90.2,0,0,96.7,98.4,89.4,91.2,0,0,0,0,0,0,0,0,0,0,0,0,100,100,0,0,59.5,66.3,12.8,18.3,37.1,37.9,0.5,0.6,"41,013","25,314","832,521","750,735",4.9,3.4,"4,016","4,011","7,773","8,752",34.1,31.4,0,NA,0,0,"65,980","66,135",7.9,8.8,"13,721","12,206",1.6,1.6,122,157,2.6,2.8,2.7,2.8,0.5,0.8,1,1.3,0.2,0.1,0,0,232,374,0.5,0,2,3.4,8.5,5.6,6.5,5.2,3.5,1.2,0,7.1,0,0,78.9,77.5
